"Model","Probability"
"0",0.0030676574967717076
"1",0.8189030704997459
"2",0.1780292720034823
