"mu","clonalmutations","cellularity","weight"
21.95431766297431,352.6822379626361,0.6854347796234854,0.0003847123470866162
22.77864160178609,336.95985015414885,0.6959505564329116,0.0008771340038303021
