"Model","Probability"
"0",0.0012618463509169182
"1",0.7828548166612166
"2",0.2158833369878664
